{"Xiaomi Redmi Note 8 Pro": ["/xiaomi-redmi-note-8-pro-price-in-india", "/Xiaomi-Redmi+Note+8+Pro-viewReview.html"], "Xiaomi Redmi Note 8": ["/xiaomi-redmi-note-8-price-in-india", "/Xiaomi-Redmi+Note+8-viewReview.html"], "Xiaomi Redmi Note 7 Pro": ["/xiaomi-redmi-note-7-pro-price-in-india", "/Xiaomi-Redmi+Note+7+Pro-viewReview.html"], "Xiaomi Redmi 8A": ["/xiaomi-redmi-8a-price-in-india", "/Xiaomi-Redmi+8A-viewReview.html"], "Xiaomi Mi A3": ["/xiaomi-mi-a3-price-in-india", "/Xiaomi-Mi+A3-viewReview.html"], "Xiaomi Redmi 7": ["/xiaomi-redmi-7-price-in-india", "/Xiaomi-Redmi+7-viewReview.html"], "Xiaomi Redmi 7A": ["/xiaomi-redmi-7a-price-in-india", "/Xiaomi-Redmi+7A-viewReview.html"], "Xiaomi Redmi K20 Pro": ["/xiaomi-redmi-k20-pro-price-in-india", "/Xiaomi-Redmi+K20+Pro-viewReview.html"], "Xiaomi Redmi Note 7S": ["/xiaomi-redmi-note-7s-price-in-india", "/Xiaomi-Redmi+Note+7S-viewReview.html"], "Xiaomi Redmi Y3": ["/xiaomi-redmi-y3-price-in-india", "/Xiaomi-Redmi+Y3-viewReview.html"], "Samsung Galaxy M30s": ["/samsung-galaxy-m30s-price-in-india", "/Samsung-Galaxy+M30s-viewReview.html"], "Samsung Galaxy A50s": ["/samsung-galaxy-a50s-price-in-india", "/Samsung-Galaxy+A50s-viewReview.html"], "Samsung Galaxy A50": ["/samsung-galaxy-a50-price-in-india", "/Samsung-Galaxy+A50-viewReview.html"], "Samsung Galaxy M10s": ["/samsung-galaxy-m10s-price-in-india", "/Samsung-Galaxy+M10s-viewReview.html"], "Samsung Galaxy M30": ["/samsung-galaxy-m30-price-in-india", "/Samsung-Galaxy+M30-viewReview.html"], "Samsung Galaxy M30s 128GB": ["/samsung-galaxy-m30s-128gb-price-in-india", "/Samsung-Galaxy+M30s+128GB-viewReview.html"], "Samsung Galaxy A70": ["/samsung-galaxy-a70-price-in-india", "/Samsung-Galaxy+A70-viewReview.html"], "Samsung Galaxy A30": ["/samsung-galaxy-a30-price-in-india", "/Samsung-Galaxy+A30-viewReview.html"], "Samsung Galaxy M40": ["/samsung-galaxy-m40-price-in-india", "/Samsung-Galaxy+M40-viewReview.html"], "Realme 5s": ["/realme-5s-price-in-india", "/Realme-5s-viewReview.html"], "Realme X2 Pro": ["/realme-x2-pro-price-in-india", "/Realme-X2+Pro-viewReview.html"], "Realme XT": ["/realme-xt-price-in-india", "/Realme-XT-viewReview.html"], "Realme 5": ["/realme-5-price-in-india", "/Realme-5-viewReview.html"], "Realme 3 Pro": ["/realme-3-pro-price-in-india", "/Realme-3+Pro-viewReview.html"], "Realme 5 Pro": ["/realme-5-pro-price-in-india", "/Realme-5+Pro-viewReview.html"], "Realme X": ["/realme-x-price-in-india", "/Realme-X-viewReview.html"], "Realme C2": ["/realme-c2-price-in-india", "/Realme-C2-viewReview.html"], "Realme 3i": ["/realme-3i-price-in-india", "/Realme-3i-viewReview.html"], "Realme 3": ["/realme-3-price-in-india", "/Realme-3-viewReview.html"], "Vivo Z1 Pro": ["/vivo-z1-pro-price-in-india", "/Vivo-Z1+Pro-viewReview.html"], "Vivo U10": ["/vivo-u10-price-in-india", "/Vivo-U10-viewReview.html"], "Vivo V17 Pro": ["/vivo-v17-pro-price-in-india", "/Vivo-V17+Pro-viewReview.html"], "Vivo V15": ["/vivo-v15-price-in-india", "/Vivo-V15-viewReview.html"], "Vivo S1": ["/vivo-s1-price-in-india", "/Vivo-S1-viewReview.html"], "Vivo V15 Pro": ["/vivo-v15-pro-price-in-india", "/Vivo-V15+Pro-viewReview.html"], "OPPO F11 Pro": ["/oppo-f11-pro-price-in-india", "/Oppo-F11+Pro-viewReview.html"], "OPPO A5s": ["/oppo-a5s-price-in-india", "/Oppo-A5s-viewReview.html"], "OPPO Reno 2": ["/oppo-reno-2-price-in-india", "/Oppo-Reno+2-viewReview.html"], "OPPO A5 2020": ["/oppo-a5-2020-price-in-india", "/Oppo-A5+2020-viewReview.html"], "OPPO A9 2020": ["/oppo-a9-2020-price-in-india", "/Oppo-A9+2020-viewReview.html"], "OPPO F11": ["/oppo-f11-price-in-india", "/Oppo-F11-viewReview.html"], "OPPO K1": ["/oppo-k1-price-in-india", "/Oppo-K1-viewReview.html"], "OPPO A3s": ["/oppo-a3s-price-in-india", "/Oppo-A3s-viewReview.html"], "OPPO K3": ["/oppo-k3-price-in-india", "/Oppo-K3-viewReview.html"], "Apple iPhone 11": ["/apple-iphone-xi-price-in-india", "/Apple-iPhone+XI-viewReview.html"], "Apple iPhone XR": ["/apple-iphone-xr-price-in-india", "/Apple-iPhone+XR-viewReview.html"], "Apple iPhone 7 Plus": ["/apple-iphone-7-plus-price-in-india", "/Apple-iPhone+7+Plus-viewReview.html"], "Apple iPhone 7": ["/apple-iphone-7-price-in-india", "/Apple-iPhone+7-viewReview.html"], "Apple iPhone 11 Pro Max": ["/apple-iphone-11-pro-max-price-in-india", "/Apple-iPhone+11+Pro+Max-viewReview.html"], "Apple iPhone X": ["/apple-iphone-x-price-in-india", "/Apple-iPhone+X-viewReview.html"], "Apple iPhone 11 Pro": ["/apple-iphone-11-pro-price-in-india", "/Apple-iPhone+11+Pro-viewReview.html"], "Apple iPhone 8 Plus": ["/apple-iphone-8-plus-price-in-india", "/Apple-iPhone+8+Plus-viewReview.html"], "Apple iPhone 8": ["/apple-iphone-8-price-in-india", "/Apple-iPhone+8-viewReview.html"], "OnePlus 7": ["/oneplus-7-price-in-india", "/OnePlus-7-viewReview.html"], "OnePlus 7 Pro": ["/oneplus-7-pro-price-in-india", "/OnePlus-7+Pro-viewReview.html"], "OnePlus 7T Pro": ["/oneplus-7t-pro-price-in-india", "/OnePlus-7T+Pro-viewReview.html"], "OnePlus 7T": ["/oneplus-7t-price-in-india", "/OnePlus-7T-viewReview.html"], "OnePlus 6T 8GB RAM": ["/oneplus-6t-8gb-ram-price-in-india", "/OnePlus-6T+8GB+RAM-viewReview.html"], "OnePlus 7T Pro McLaren Edition": ["/oneplus-7t-pro-mclaren-edition-price-in-india", "/OnePlus-7T+Pro+McLaren+Edition-viewReview.html"], "OnePlus 6": ["/oneplus-6-price-in-india", "/OnePlus-6-viewReview.html"], "OnePlus 7 Pro 12GB RAM": ["/oneplus-7-pro-12gb-ram-price-in-india", "/OnePlus-7+Pro+12GB+RAM-viewReview.html"], "OnePlus 5": ["/oneplus-5-64gb-price-in-india", "/OnePlus-5+64GB-viewReview.html"], "OnePlus 7 256GB": ["/oneplus-7-256gb-price-in-india", "/OnePlus-7+256GB-viewReview.html"], "Nokia 6.1 Plus (Nokia X6)": ["/nokia-61-plus-price-in-india", "/Nokia-6.1+Plus-viewReview.html"], "Nokia 8.1 ": ["/nokia-81-price-in-india", "/Nokia-8.1-viewReview.html"], "Nokia 7.2": ["/nokia-72-price-in-india", "/Nokia-7.2-viewReview.html"], "Nokia 6.1 Plus 6GB RAM": ["/nokia-61-plus-6gb-ram-price-in-india", "/Nokia-6.1+Plus+6GB+RAM-viewReview.html"], "Huawei P30 Pro": ["/huawei-p30-pro-price-in-india", "/Huawei-P30+Pro-viewReview.html"], "Huawei Mate 20 Pro": ["/huawei-mate-20-pro-price-in-india", "/Huawei-Mate+20+Pro-viewReview.html"], "Huawei Nova 3i": ["/huawei-nova-3i-price-in-india", "/Huawei-Nova+3i-viewReview.html"], "Huawei P9": ["/huawei-p9-price-in-india", "/Huawei-P9-viewReview.html"], "Honor 20i": ["/honor-20-lite-price-in-india", "/Honor-20+Lite-viewReview.html"], "Honor 10 Lite": ["/honor-10-lite-price-in-india", "/Honor-10+Lite-viewReview.html"], "Honor 20": ["/honor-20-price-in-india", "/Honor-20-viewReview.html"], "Honor 9i": ["/honor-9i-price-in-india", "/Honor-9i-viewReview.html"], "Honor 9 Lite": ["/honor-9-lite-price-in-india", "/Honor-9+Lite-viewReview.html"], "Honor 9N": ["/honor-9n-price-in-india", "/Honor-9N-viewReview.html"], "Honor 9N 64GB": ["/honor-9n-64gb-price-in-india", "/Honor-9N+64GB-viewReview.html"], "Asus ROG Phone 2": ["/asus-rog-phone-2-price-in-india", "/Asus-ROG+Phone+2-viewReview.html"], "Asus Zenfone Lite L1 ": ["/asus-zenfone-lite-l1-price-in-india", "/Asus-Zenfone+Lite+L1-viewReview.html"], "Asus 6Z": ["/asus-zenfone-6z-price-in-india", "/Asus-Zenfone+6Z-viewReview.html"], "Asus Zenfone Max M2": ["/asus-zenfone-max-m2-price-in-india", "/Asus-Zenfone+Max+M2-viewReview.html"], "Asus Zenfone Max Pro M1": ["/asus-zenfone-max-pro-price-in-india", "/Asus-Zenfone+Max+Pro-viewReview.html"], "Asus Zenfone 5Z 128GB": ["/asus-zenfone-5z-128gb-price-in-india", "/Asus-Zenfone+5Z+128GB-viewReview.html"], "Asus Zenfone Max Pro M1 64GB": ["/asus-zenfone-max-pro-m1-64gb-price-in-india", "/Asus-Zenfone+Max+Pro+M1+64GB-viewReview.html"], "Asus Zenfone Max Pro M1 6GB RAM": ["/asus-zenfone-max-pro-m1-6gb-ram-price-in-india", "/Asus-Zenfone+Max+Pro+M1+6GB+RAM-viewReview.html"], "Asus Zenfone Max M1": ["/asus-zenfone-max-m1-price-in-india", "/Asus-Zenfone+Max+M1-viewReview.html"], "Asus Zenfone Max M2 64GB": ["/asus-zenfone-max-m2-64gb-price-in-india", "/Asus-Zenfone+Max+M2+64GB-viewReview.html"], "Lenovo K10 Note": ["/lenovo-k10-note-price-in-india", "/Lenovo-K10+Note-viewReview.html"], "Lenovo K8 Plus": ["/lenovo-k8-plus-price-in-india", "/Lenovo-K8+Plus-viewReview.html"], "Lenovo K9": ["/lenovo-k9-price-in-india", "/Lenovo-K9-viewReview.html"], "Lenovo K8 Note": ["/lenovo-k8-note-price-in-india", "/Lenovo-K8+Note-viewReview.html"], "Lenovo K4 Note": ["/lenovo-k4-note-price-in-india", "/Lenovo-K4+Note-viewReview.html"], "Lenovo K10 Note 128GB": ["/lenovo-k10-note-128gb-price-in-india", "/Lenovo-K10+Note+128GB-viewReview.html"], "Moto G8 Plus": ["/moto-g8-plus-price-in-india", "/Moto-G8+Plus-viewReview.html"], "Motorola One Vision": ["/motorola-one-vision-price-in-india", "/Motorola-One+Vision-viewReview.html"], "Motorola One Action": ["/motorola-one-action-price-in-india", "/Motorola-One+Action-viewReview.html"], "Motorola One Power (P30 Note)": ["/motorola-one-power-price-in-india", "/Motorola-One+Power-viewReview.html"], "Moto G7": ["/moto-g7-price-in-india", "/Moto-G7-viewReview.html"], "Moto G5S Plus": ["/moto-g5s-plus-price-in-india", "/Moto-G5S+Plus-viewReview.html"], "Moto G7 Power": ["/moto-g7-power-price-in-india", "/Moto-G7+Power-viewReview.html"], "Tecno Camon 12 Air": ["/tecno-camon-12-air-price-in-india", "/Tecno-Camon+12+Air-viewReview.html"], "Sony Xperia Z5 Dual": ["/sony-xperia-z5-dual-price-in-india", "/Sony-Xperia+Z5+Dual-viewReview.html"]}