{"Realme 5i (Forest Green, 64 GB)": ["/realme-5i-forest-green-64-gb/p/itmdac0da867a9fa?pid=MOBFNG3GNW3BU2XE&lid=LSTMOBFNG3GNW3BU2XERAL9TG&marketplace=FLIPKART&srno=s_1_1&otracker=search&otracker1=search&fm=SEARCH&iid=584bf959-8e62-401e-a76a-e0f38431c45c.MOBFNG3GNW3BU2XE.SEARCH&ppt=sp&ppn=sp&ssid=e0fltf2jvk0000001580524317011&qH=1036ba3c4ed2c021", "\u20b98,999", "4.5"], "Realme 5i (Aqua Blue, 64 GB)": ["/realme-5i-aqua-blue-64-gb/p/itmdac0da867a9fa?pid=MOBFNG3GZXCV63BE&lid=LSTMOBFNG3GZXCV63BEMPJERT&marketplace=FLIPKART&srno=s_1_2&otracker=search&otracker1=search&fm=SEARCH&iid=584bf959-8e62-401e-a76a-e0f38431c45c.MOBFNG3GZXCV63BE.SEARCH&ppt=sp&ppn=sp&ssid=e0fltf2jvk0000001580524317011&qH=1036ba3c4ed2c021", "\u20b98,999", "4.5"], "Infinix Hot 8 (Shark Grey, 64 GB)": ["/infinix-hot-8-shark-grey-64-gb/p/itm176568dde7f63?pid=MOBFJJJVUFPVBAGC&lid=LSTMOBFJJJVUFPVBAGC5GJHX2&marketplace=FLIPKART&srno=s_1_3&otracker=search&otracker1=search&fm=SEARCH&iid=584bf959-8e62-401e-a76a-e0f38431c45c.MOBFJJJVUFPVBAGC.SEARCH&ppt=sp&ppn=sp&ssid=e0fltf2jvk0000001580524317011&qH=1036ba3c4ed2c021", "\u20b96,999", "4.5"], "Infinix Hot 8 (Quetzal Cyan, 64 GB)": ["/infinix-hot-8-quetzal-cyan-64-gb/p/itm176568dde7f63?pid=MOBFJJJVH6QYNE3P&lid=LSTMOBFJJJVH6QYNE3PL86ZA6&marketplace=FLIPKART&srno=s_1_4&otracker=search&otracker1=search&fm=SEARCH&iid=584bf959-8e62-401e-a76a-e0f38431c45c.MOBFJJJVH6QYNE3P.SEARCH&ppt=sp&ppn=sp&ssid=e0fltf2jvk0000001580524317011&qH=1036ba3c4ed2c021", "\u20b96,999", "4.5"], "Infinix Hot 8 (Cosmic Purple, 64 GB)": ["/infinix-hot-8-cosmic-purple-64-gb/p/itm176568dde7f63?pid=MOBFJJJV9QB8P4EU&lid=LSTMOBFJJJV9QB8P4EURBGGNV&marketplace=FLIPKART&srno=s_1_5&otracker=search&otracker1=search&fm=SEARCH&iid=584bf959-8e62-401e-a76a-e0f38431c45c.MOBFJJJV9QB8P4EU.SEARCH&ppt=sp&ppn=sp&ssid=e0fltf2jvk0000001580524317011&qH=1036ba3c4ed2c021", "\u20b96,999", "4.5"], "Realme 5s (Crystal Blue, 64 GB)": ["/realme-5s-crystal-blue-64-gb/p/itm592977b0ba210?pid=MOBFM2WZ9AZUPTTZ&lid=LSTMOBFM2WZ9AZUPTTZXXEDBC&marketplace=FLIPKART&srno=s_1_6&otracker=search&otracker1=search&fm=SEARCH&iid=584bf959-8e62-401e-a76a-e0f38431c45c.MOBFM2WZ9AZUPTTZ.SEARCH&ppt=sp&ppn=sp&ssid=e0fltf2jvk0000001580524317011&qH=1036ba3c4ed2c021", "\u20b99,999", "4.4"], "Realme 5s (Crystal Purple, 128 GB)": ["/realme-5s-crystal-purple-128-gb/p/itm592977b0ba210?pid=MOBFM2WZG7AGFGJE&lid=LSTMOBFM2WZG7AGFGJEXD8LE2&marketplace=FLIPKART&srno=s_1_7&otracker=search&otracker1=search&fm=SEARCH&iid=584bf959-8e62-401e-a76a-e0f38431c45c.MOBFM2WZG7AGFGJE.SEARCH&ppt=sp&ppn=sp&ssid=e0fltf2jvk0000001580524317011&qH=1036ba3c4ed2c021", "\u20b910,999", "4.4"], "Realme 5s (Crystal Purple, 64 GB)": ["/realme-5s-crystal-purple-64-gb/p/itm592977b0ba210?pid=MOBFM2WZGMU7DPZQ&lid=LSTMOBFM2WZGMU7DPZQGXSMJB&marketplace=FLIPKART&srno=s_1_8&otracker=search&otracker1=search&fm=SEARCH&iid=584bf959-8e62-401e-a76a-e0f38431c45c.MOBFM2WZGMU7DPZQ.SEARCH&ppt=sp&ppn=sp&ssid=e0fltf2jvk0000001580524317011&qH=1036ba3c4ed2c021", "\u20b99,999", "4.4"], "Realme 5s (Crystal Blue, 128 GB)": ["/realme-5s-crystal-blue-128-gb/p/itm592977b0ba210?pid=MOBFM2WZW8VZEXK3&lid=LSTMOBFM2WZW8VZEXK34R7HCI&marketplace=FLIPKART&srno=s_1_9&otracker=search&otracker1=search&fm=SEARCH&iid=584bf959-8e62-401e-a76a-e0f38431c45c.MOBFM2WZW8VZEXK3.SEARCH&ppt=sp&ppn=sp&ssid=e0fltf2jvk0000001580524317011&qH=1036ba3c4ed2c021", "\u20b910,999", "4.4"], "Redmi 8A (Ocean Blue, 32 GB)": ["/redmi-8a-ocean-blue-32-gb/p/itm1f8d1cbb1d232?pid=MOBFKF98BHTYSAHZ&lid=LSTMOBFKF98BHTYSAHZCWZX8V&marketplace=FLIPKART&srno=s_1_11&otracker=search&otracker1=search&fm=SEARCH&iid=584bf959-8e62-401e-a76a-e0f38431c45c.MOBFKF98BHTYSAHZ.SEARCH&ppt=sp&ppn=sp&ssid=e0fltf2jvk0000001580524317011&qH=1036ba3c4ed2c021", "\u20b96,499", "4.4"], "Redmi 7A (Matte Black, 32 GB)": ["/redmi-7a-matte-black-32-gb/p/itmfhz4cm2yz93xx?pid=MOBFHZ4BRKSMDXH7&lid=LSTMOBFHZ4BRKSMDXH7HO1DFJ&marketplace=FLIPKART&srno=s_1_12&otracker=search&otracker1=search&fm=SEARCH&iid=584bf959-8e62-401e-a76a-e0f38431c45c.MOBFHZ4BRKSMDXH7.SEARCH&ppt=sp&ppn=sp&ssid=e0fltf2jvk0000001580524317011&qH=1036ba3c4ed2c021", "\u20b95,499", "4.3"], "Redmi Note 7 Pro (Neptune Blue, 64 GB)": ["/redmi-note-7-pro-neptune-blue-64-gb/p/itmfegkx8nbcze6t?pid=MOBFDXZ376XRTZXH&lid=LSTMOBFDXZ376XRTZXHNZ5V6Z&marketplace=FLIPKART&srno=s_1_13&otracker=search&otracker1=search&fm=SEARCH&iid=584bf959-8e62-401e-a76a-e0f38431c45c.MOBFDXZ376XRTZXH.SEARCH&ppt=sp&ppn=sp&ssid=e0fltf2jvk0000001580524317011&qH=1036ba3c4ed2c021", "\u20b99,999", "4.5"], "Redmi 7A (Matte Black, 16 GB)": ["/redmi-7a-matte-black-16-gb/p/itmfhz4cp9dksyha?pid=MOBFHZ4B6X8WPSRK&lid=LSTMOBFHZ4B6X8WPSRKGS79LL&marketplace=FLIPKART&srno=s_1_14&otracker=search&otracker1=search&fm=SEARCH&iid=584bf959-8e62-401e-a76a-e0f38431c45c.MOBFHZ4B6X8WPSRK.SEARCH&ppt=sp&ppn=sp&ssid=e0fltf2jvk0000001580524317011&qH=1036ba3c4ed2c021", "\u20b95,999", "4.3"], "Redmi Note 7 Pro (Space Black, 64 GB)": ["/redmi-note-7-pro-space-black-64-gb/p/itmfhvuexbzu6fjd?pid=MOBFHUQ4ZPZX89G6&lid=LSTMOBFHUQ4ZPZX89G6KSIIC2&marketplace=FLIPKART&srno=s_2_39&otracker=search&otracker1=search&fm=organic&iid=da145b33-5864-43ae-a3ed-997d437ea28d.MOBFHUQ4ZPZX89G6.SEARCH&ssid=o02pevg5m80000001580524344174&qH=1036ba3c4ed2c021", "\u20b910,999", "4.5"], "Redmi 8A (Sunset Red, 32 GB)": ["/redmi-8a-sunset-red-32-gb/p/itm5474ed67d23bf?pid=MOBFKF98FTTEN832&lid=LSTMOBFKF98FTTEN832NKEHTF&marketplace=FLIPKART&srno=s_1_16&otracker=search&otracker1=search&fm=SEARCH&iid=584bf959-8e62-401e-a76a-e0f38431c45c.MOBFKF98FTTEN832.SEARCH&ppt=sp&ppn=sp&ssid=e0fltf2jvk0000001580524317011&qH=1036ba3c4ed2c021", "\u20b96,499", "4.4"], "Realme C2 (Diamond Blue, 32 GB)": ["/realme-c2-diamond-blue-32-gb/p/itmfgwba8kmejqpe?pid=MOBFHBZ4ZQB3CTZW&lid=LSTMOBFHBZ4ZQB3CTZWUFZDQI&marketplace=FLIPKART&srno=s_1_17&otracker=search&otracker1=search&fm=SEARCH&iid=584bf959-8e62-401e-a76a-e0f38431c45c.MOBFHBZ4ZQB3CTZW.SEARCH&ppt=sp&ppn=sp&ssid=e0fltf2jvk0000001580524317011&qH=1036ba3c4ed2c021", "\u20b95,999", "4.4"], "Realme C2 (Diamond Ruby, 32 GB)": ["/realme-c2-diamond-ruby-32-gb/p/itmfgwba8kmejqpe?pid=MOBFKK9JCA4W3E9S&lid=LSTMOBFKK9JCA4W3E9SMT95W2&marketplace=FLIPKART&srno=s_1_18&otracker=search&otracker1=search&fm=SEARCH&iid=584bf959-8e62-401e-a76a-e0f38431c45c.MOBFKK9JCA4W3E9S.SEARCH&ppt=sp&ppn=sp&ssid=e0fltf2jvk0000001580524317011&qH=1036ba3c4ed2c021", "\u20b97,499", "4.3"], "Realme C2 (Diamond Black, 32 GB)": ["/realme-c2-diamond-black-32-gb/p/itmfgwba8kmejqpe?pid=MOBFFMG35CZCFEFF&lid=LSTMOBFFMG35CZCFEFFKQISQB&marketplace=FLIPKART&srno=s_2_26&otracker=search&otracker1=search&fm=organic&iid=da145b33-5864-43ae-a3ed-997d437ea28d.MOBFFMG35CZCFEFF.SEARCH&ssid=o02pevg5m80000001580524344174&qH=1036ba3c4ed2c021", "\u20b97,499", "4.3"], "Redmi 8A (Midnight Black, 32 GB)": ["/redmi-8a-midnight-black-32-gb/p/itmbe98d88f27aab?pid=MOBFKF98HGWKEDCC&lid=LSTMOBFKF98HGWKEDCCF67CEO&marketplace=FLIPKART&srno=s_1_21&otracker=search&otracker1=search&fm=SEARCH&iid=584bf959-8e62-401e-a76a-e0f38431c45c.MOBFKF98HGWKEDCC.SEARCH&ppt=sp&ppn=sp&ssid=e0fltf2jvk0000001580524317011&qH=1036ba3c4ed2c021", "\u20b96,999", "4.4"], "Vivo Z1Pro (Sonic Blue, 64 GB)": ["/vivo-z1pro-sonic-blue-64-gb/p/itmfghyebfrvjzfs?pid=MOBFHHT5NZH8XCGB&lid=LSTMOBFHHT5NZH8XCGBSRHJKG&marketplace=FLIPKART&srno=s_1_22&otracker=search&otracker1=search&fm=SEARCH&iid=584bf959-8e62-401e-a76a-e0f38431c45c.MOBFHHT5NZH8XCGB.SEARCH&ppt=sp&ppn=sp&ssid=e0fltf2jvk0000001580524317011&qH=1036ba3c4ed2c021", "\u20b912,990", "4.5"], "Vivo Z1Pro (Sonic Black, 128 GB)": ["/vivo-z1pro-sonic-black-128-gb/p/itmfghyebfrvjzfs?pid=MOBFHHT529KQHT8Z&lid=LSTMOBFHHT529KQHT8Z7WZJL1&marketplace=FLIPKART&srno=s_1_23&otracker=search&otracker1=search&fm=SEARCH&iid=584bf959-8e62-401e-a76a-e0f38431c45c.MOBFHHT529KQHT8Z.SEARCH&ppt=sp&ppn=sp&ssid=e0fltf2jvk0000001580524317011&qH=1036ba3c4ed2c021", "\u20b915,990", "4.5"], "Vivo Z1Pro (Sonic Black, 64 GB)": ["/vivo-z1pro-sonic-black-64-gb/p/itmfghyebfrvjzfs?pid=MOBFHHT56NTTZKZ5&lid=LSTMOBFHHT56NTTZKZ5PWUNSS&marketplace=FLIPKART&srno=s_1_24&otracker=search&otracker1=search&fm=SEARCH&iid=584bf959-8e62-401e-a76a-e0f38431c45c.MOBFHHT56NTTZKZ5.SEARCH&ppt=sp&ppn=sp&ssid=e0fltf2jvk0000001580524317011&qH=1036ba3c4ed2c021", "\u20b912,990", "4.5"], "Realme 3 (Radiant Blue, 64 GB)": ["/realme-3-radiant-blue-64-gb/p/itmfe68wrbfnzqwz?pid=MOBFE68WMCYD5SRT&lid=LSTMOBFE68WMCYD5SRTGBRPK8&marketplace=FLIPKART&srno=s_2_25&otracker=search&otracker1=search&fm=organic&iid=da145b33-5864-43ae-a3ed-997d437ea28d.MOBFE68WMCYD5SRT.SEARCH&ssid=o02pevg5m80000001580524344174&qH=1036ba3c4ed2c021", "\u20b98,999", "4.4"], "Infinix S5 Lite (Violet, 64 GB)": ["/infinix-s5-lite-violet-64-gb/p/itm8d3bbd7115184?pid=MOBFHW8BDG7SSK2W&lid=LSTMOBFHW8BDG7SSK2WL0N3GO&marketplace=FLIPKART&srno=s_2_27&otracker=search&otracker1=search&fm=organic&iid=da145b33-5864-43ae-a3ed-997d437ea28d.MOBFHW8BDG7SSK2W.SEARCH&ssid=o02pevg5m80000001580524344174&qH=1036ba3c4ed2c021", "\u20b97,999", "4.3"], "Infinix S5 Lite (Quetzal Cyan, 64 GB)": ["/infinix-s5-lite-quetzal-cyan-64-gb/p/itm8d3bbd7115184?pid=MOBFHW8BFB83S7H6&lid=LSTMOBFHW8BFB83S7H6MFEDJ7&marketplace=FLIPKART&srno=s_2_28&otracker=search&otracker1=search&fm=organic&iid=da145b33-5864-43ae-a3ed-997d437ea28d.MOBFHW8BFB83S7H6.SEARCH&ssid=o02pevg5m80000001580524344174&qH=1036ba3c4ed2c021", "\u20b97,999", "4.3"], "Realme X2 (Pearl Blue, 128 GB)": ["/realme-x2-pearl-blue-128-gb/p/itm75023903eb431?pid=MOBFMXTSYK4ZZ7HG&lid=LSTMOBFMXTSYK4ZZ7HGGZP7N4&marketplace=FLIPKART&srno=s_2_29&otracker=search&otracker1=search&fm=organic&iid=da145b33-5864-43ae-a3ed-997d437ea28d.MOBFMXTSYK4ZZ7HG.SEARCH&ssid=o02pevg5m80000001580524344174&qH=1036ba3c4ed2c021", "\u20b919,999", "4.5"], "OPPO A7 (Glaze Blue, 64 GB)": ["/oppo-a7-glaze-blue-64-gb/p/itmfb37gqa44nrzq?pid=MOBFCKHGARWBSFRZ&lid=LSTMOBFCKHGARWBSFRZ5U5CZI&marketplace=FLIPKART&srno=s_2_30&otracker=search&otracker1=search&fm=organic&iid=da145b33-5864-43ae-a3ed-997d437ea28d.MOBFCKHGARWBSFRZ.SEARCH&ssid=o02pevg5m80000001580524344174&qH=1036ba3c4ed2c021", "\u20b912,990", "4.3"], "Redmi Note 7S (Sapphire Blue, 64 GB)": ["/redmi-note-7s-sapphire-blue-64-gb/p/itmfh75f4rhcjdfk?pid=MOBFGGJ8CKGVHHZU&lid=LSTMOBFGGJ8CKGVHHZU5WSMPI&marketplace=FLIPKART&srno=s_2_31&otracker=search&otracker1=search&fm=organic&iid=da145b33-5864-43ae-a3ed-997d437ea28d.MOBFGGJ8CKGVHHZU.SEARCH&ssid=o02pevg5m80000001580524344174&qH=1036ba3c4ed2c021", "\u20b911,999", "4.4"], "Realme 5 Pro (Crystal Green, 128 GB)": ["/realme-5-pro-crystal-green-128-gb/p/itmfj9twdugyvg77?pid=MOBFJ9TWPMKKAZJK&lid=LSTMOBFJ9TWPMKKAZJKE5GWJG&marketplace=FLIPKART&srno=s_2_32&otracker=search&otracker1=search&fm=organic&iid=da145b33-5864-43ae-a3ed-997d437ea28d.MOBFJ9TWPMKKAZJK.SEARCH&ssid=o02pevg5m80000001580524344174&qH=1036ba3c4ed2c021", "\u20b915,999", "4.5"], "Realme 5 Pro (Crystal Green, 64 GB)": ["/realme-5-pro-crystal-green-64-gb/p/itmfj9twdugyvg77?pid=MOBFJ9TWQAHZC5DH&lid=LSTMOBFJ9TWQAHZC5DHYALEQE&marketplace=FLIPKART&srno=s_2_33&otracker=search&otracker1=search&fm=organic&iid=da145b33-5864-43ae-a3ed-997d437ea28d.MOBFJ9TWQAHZC5DH.SEARCH&ssid=o02pevg5m80000001580524344174&qH=1036ba3c4ed2c021", "\u20b912,999", "4.5"], "Realme 5 Pro (Sparkling Blue, 128 GB)": ["/realme-5-pro-sparkling-blue-128-gb/p/itmfj9twdugyvg77?pid=MOBFJ9TWAEBGAYFR&lid=LSTMOBFJ9TWAEBGAYFRYARMRA&marketplace=FLIPKART&srno=s_2_34&otracker=search&otracker1=search&fm=organic&iid=da145b33-5864-43ae-a3ed-997d437ea28d.MOBFJ9TWAEBGAYFR.SEARCH&ssid=o02pevg5m80000001580524344174&qH=1036ba3c4ed2c021", "\u20b915,999", "4.5"], "OPPO F11 (Fluorite Purple, 128 GB)": ["/oppo-f11-fluorite-purple-128-gb/p/itmfgb8ft4kfgfe6?pid=MOBFGB8FQFERQP6D&lid=LSTMOBFGB8FQFERQP6DWPX4SP&marketplace=FLIPKART&srno=s_2_35&otracker=search&otracker1=search&fm=organic&iid=da145b33-5864-43ae-a3ed-997d437ea28d.MOBFGB8FQFERQP6D.SEARCH&ssid=o02pevg5m80000001580524344174&qH=1036ba3c4ed2c021", "\u20b912,990", "4.4"], "Realme 3 (Dynamic Black, 64 GB)": ["/realme-3-dynamic-black-64-gb/p/itmfe68wrbfnzqwz?pid=MOBFE68WEPGFF2TV&lid=LSTMOBFE68WEPGFF2TVLWJLP8&marketplace=FLIPKART&srno=s_2_36&otracker=search&otracker1=search&fm=organic&iid=da145b33-5864-43ae-a3ed-997d437ea28d.MOBFE68WEPGFF2TV.SEARCH&ssid=o02pevg5m80000001580524344174&qH=1036ba3c4ed2c021", "\u20b98,999", "4.4"], "Redmi Note 8 (Space Black, 128 GB)": ["/redmi-note-8-space-black-128-gb/p/itm16c6c50702ff1?pid=MOBFHHQRQF2A4PS2&lid=LSTMOBFHHQRQF2A4PS2XFOLDQ&marketplace=FLIPKART&srno=s_2_37&otracker=search&otracker1=search&fm=organic&iid=da145b33-5864-43ae-a3ed-997d437ea28d.MOBFHHQRQF2A4PS2.SEARCH&ssid=o02pevg5m80000001580524344174&qH=1036ba3c4ed2c021", "\u20b913,320", "4.4"], "Redmi 7A (Matte Blue, 32 GB)": ["/redmi-7a-matte-blue-32-gb/p/itmfhz4cztznu8kk?pid=MOBFHZ4BZW2GM6UH&lid=LSTMOBFHZ4BZW2GM6UHFKVO3U&marketplace=FLIPKART&srno=s_2_38&otracker=search&otracker1=search&fm=organic&iid=da145b33-5864-43ae-a3ed-997d437ea28d.MOBFHZ4BZW2GM6UH.SEARCH&ssid=o02pevg5m80000001580524344174&qH=1036ba3c4ed2c021", "\u20b95,499", "4.3"], "Realme 3i (Diamond Black, 64 GB)": ["/realme-3i-diamond-black-64-gb/p/itmfgybqvazmnmmd?pid=MOBFGYBQ4WRZ9FFJ&lid=LSTMOBFGYBQ4WRZ9FFJF4YZDB&marketplace=FLIPKART&srno=s_2_40&otracker=search&otracker1=search&fm=organic&iid=da145b33-5864-43ae-a3ed-997d437ea28d.MOBFGYBQ4WRZ9FFJ.SEARCH&ssid=o02pevg5m80000001580524344174&qH=1036ba3c4ed2c021", "\u20b97,999", "4.4"], "Realme 3i (Diamond Blue, 32 GB)": ["/realme-3i-diamond-blue-32-gb/p/itmfgybqvazmnmmd?pid=MOBFGYBQQGUB9YFQ&lid=LSTMOBFGYBQQGUB9YFQQXUXB7&marketplace=FLIPKART&srno=s_2_41&otracker=search&otracker1=search&fm=organic&iid=da145b33-5864-43ae-a3ed-997d437ea28d.MOBFGYBQQGUB9YFQ.SEARCH&ssid=o02pevg5m80000001580524344174&qH=1036ba3c4ed2c021", "\u20b96,999", "4.4"], "Realme 3i (Diamond Black, 32 GB)": ["/realme-3i-diamond-black-32-gb/p/itmfgybqvazmnmmd?pid=MOBFGYBQ8NKDAMRB&lid=LSTMOBFGYBQ8NKDAMRBKBHLFK&marketplace=FLIPKART&srno=s_2_42&otracker=search&otracker1=search&fm=organic&iid=da145b33-5864-43ae-a3ed-997d437ea28d.MOBFGYBQ8NKDAMRB.SEARCH&ssid=o02pevg5m80000001580524344174&qH=1036ba3c4ed2c021", "\u20b96,999", "4.4"], "Realme 3i (Diamond Blue, 64 GB)": ["/realme-3i-diamond-blue-64-gb/p/itmfgybqvazmnmmd?pid=MOBFGYBQYRTZGUUV&lid=LSTMOBFGYBQYRTZGUUVRSYHTT&marketplace=FLIPKART&srno=s_2_43&otracker=search&otracker1=search&fm=organic&iid=da145b33-5864-43ae-a3ed-997d437ea28d.MOBFGYBQYRTZGUUV.SEARCH&ssid=o02pevg5m80000001580524344174&qH=1036ba3c4ed2c021", "\u20b97,999", "4.4"], "Redmi Note 7 Pro (Nebula Red, 64 GB)": ["/redmi-note-7-pro-nebula-red-64-gb/p/itmferghuf9ky6ru?pid=MOBFDXZ3UJJ7ETTE&lid=LSTMOBFDXZ3UJJ7ETTEC2KVOK&marketplace=FLIPKART&srno=s_2_44&otracker=search&otracker1=search&fm=organic&iid=da145b33-5864-43ae-a3ed-997d437ea28d.MOBFDXZ3UJJ7ETTE.SEARCH&ssid=o02pevg5m80000001580524344174&qH=1036ba3c4ed2c021", "\u20b910,499", "4.5"], "OPPO A7 (Glaring Gold, 64 GB)": ["/oppo-a7-glaring-gold-64-gb/p/itmfb37gqa44nrzq?pid=MOBFB37G2GV8TZJY&lid=LSTMOBFB37G2GV8TZJYOVLRGE&marketplace=FLIPKART&srno=s_2_45&otracker=search&otracker1=search&fm=organic&iid=da145b33-5864-43ae-a3ed-997d437ea28d.MOBFB37G2GV8TZJY.SEARCH&ssid=o02pevg5m80000001580524344174&qH=1036ba3c4ed2c021", "\u20b99,990", "4.4"], "Redmi Note 8 Pro (Shadow Black, 128 GB)": ["/redmi-note-8-pro-shadow-black-128-gb/p/itm3dc87f8221660?pid=MOBFHGTDDTQ4CZVZ&lid=LSTMOBFHGTDDTQ4CZVZZWM3DN&marketplace=FLIPKART&srno=s_2_46&otracker=search&otracker1=search&fm=organic&iid=da145b33-5864-43ae-a3ed-997d437ea28d.MOBFHGTDDTQ4CZVZ.SEARCH&ssid=o02pevg5m80000001580524344174&qH=1036ba3c4ed2c021", "\u20b916,489", "4.5"], "Redmi Note 8 Pro (Electric Blue, 128 GB)": ["/redmi-note-8-pro-electric-blue-128-gb/p/itm3dc87f8221660?pid=MOBFNY49X7TJHRCW&lid=LSTMOBFNY49X7TJHRCWQL9JEX&marketplace=FLIPKART&srno=s_2_47&otracker=search&otracker1=search&fm=organic&iid=da145b33-5864-43ae-a3ed-997d437ea28d.MOBFNY49X7TJHRCW.SEARCH&ssid=o02pevg5m80000001580524344174&qH=1036ba3c4ed2c021", "\u20b918,495", "4.5"], "Redmi Note 8 Pro (Electric Blue, 64 GB)": ["/redmi-note-8-pro-electric-blue-64-gb/p/itm3dc87f8221660?pid=MOBFN2HFYVG6PNVP&lid=LSTMOBFN2HFYVG6PNVPIDVTQH&marketplace=FLIPKART&srno=s_2_48&otracker=search&otracker1=search&fm=organic&iid=da145b33-5864-43ae-a3ed-997d437ea28d.MOBFN2HFYVG6PNVP.SEARCH&ssid=o02pevg5m80000001580524344174&qH=1036ba3c4ed2c021", "\u20b915,185", "4.5"]}